Enrollment,Name,Date,Time
,,,
,,,
,,,
,,,
,,,
,,,
,,,
,,,
,,,
,,,
,,,
,,,
,,,
,,,
,,,
,,,
,,,
,,,
,,,
,,,
,,,
,,,
,,,
,,,
,,,
,,,


20180017,Mustafayildiz,2019-11-20,19:31:05

20180017,MustafaYildiz,2019-11-20,19:31:35

9454554,asdadsads,2019-11-20,19:32:45

20180017,MustafaYildiz,2019-11-20,19:34:03

20180017,mustafa,2019-11-20,19:39:32

20180017,Mustafayildiz,2019-11-20,19:41:25

20000,asdasd,2019-11-20,19:48:23

20180017,Mustafayildiz,2019-11-20,19:54:27

20180017,mustafayildiz,2019-11-20,20:07:55

20180017,MustafaYildiz,2019-11-20,20:51:18

20180017,MustafaYildiz,2019-11-20,21:23:45

20180017,MustafaYildiz,2019-11-20,21:23:51

20180017,MustafaYildiz,2019-11-20,21:24:33

201800147,MustafaYildiz,2019-11-21,14:48:52

201800147,MustafaYildiz,2019-11-21,14:48:57

20180017,MustafaYildiz,2019-11-21,15:02:19

20180017,MustafaYildiz,2019-11-21,15:27:00
20180017,Mustafa,2019-11-21,15:29:52
20180017,MustafaYildiz,2019-11-21,15:32:17
01,Mustafa,2019-11-21,15:35:49
10,Mustafa,2019-11-21,16:34:42
22222,asdasdasd,2019-11-23,17:23:19
20222,sasdasda,2019-11-24,19:57:45
22222,TUKIUTIU,2019-11-24,23:36:44
656666,MURAT,2019-11-24,23:38:02
656666,MURAT,2019-11-24,23:38:12
552555,murat,2019-11-24,23:38:51
45545,xxxxx,2019-11-25,01:51:23
911651,iuklm,2019-12-02,14:41:59
